human 	106
HIV - 1 	57
HIV 	54
mice 	52
rice 	47
Escherichia coli 	47
HCV 	36
maize 	28
mouse 	27
wheat 	26
Aspergillus nidulans 	24
tomato 	23
Saccharomyces cerevisiae 	20
MV 	19
Aspergillus fumigatus 	19
influenza A 	18
VZV 	17
tobacco 	17
HDV 	17
HBV 	17
E . coli 	17
Candida albicans 	17
C . albicans 	17
Bacillus subtilis 	17
A . nidulans 	16
NDV 	15
humans 	15
GII . 4 	15
brown trout 	15
T . vaporariorum 	14
HCMV 	14
C . neoformans 	14
F . graminearum 	13
B . tabaci 	13
B . bassiana 	13
A . fumigatus 	13
Tuber melanosporum 	12
RSV 	12
pneumococcal 	12
Cryptococcus neoformans 	12
B . anthracis 	12
silkworm 	11
Pseudomonas aeruginosa 	11
C . luttrellii 	11
Bombyx mori 	11
VSV 	10
S . cerevisiae 	10
Neurospora crassa 	10
barley 	10
Arabidopsis thaliana 	10
Aedes aegypti 	10
vaccinia virus 	9
T . melanosporum 	9
Fusarium graminearum 	9
B . subtilis 	9
Atlantic salmon 	9
Arctic charr 	9
Ustilago maydis 	8
Oryza sativa 	8
Newcastle disease virus 	8
N . crassa 	8
M . tuberculosis 	8
JPV 	8
HAV 	8
Drosophila melanogaster 	8
C . difficile 	8
Zea mays 	7
U . maydis 	7
Salmonella enterica 	7
P . maidis 	7
ORSV 	7
Magnaporthe oryzae 	7
KSHV 	7
corn 	7
CHIKV 	7
C . heterostrophus 	7
cassava 	7
C . adspersus 	7
B . cucurbitae 	7
A . niger 	7
Ae . aegypti 	7
A . castellanii 	7
TBSV 	6
TBE virus 	6
Solenopsis invicta 	6
Sinorhizobium meliloti 	6
RCMV 	6
P . aeruginosa 	6
Musca domestica 	6
M . oryzae 	6
MCDV 	6
M . bovis 	6
influenza A virus 	6
horses 	6
hepatitis B virus 	6
FV 	6
Dp - 1 	6
DAstV 	6
Ch . velia 	6
C . guilliermondii 	6
cattle 	6
Bombus terrestris 	6
Bemisia tabaci 	6
Bacillus anthracis 	6
Aspergillus oryzae 	6
alfalfa 	6
VV 	5
UCBSV 	5
Trialeurodes vaporariorum 	5
S . zeamais 	5
swine 	5
S . singularis 	5
simian immunodeficiency virus 	5
PV 	5
P . tricuspis 	5
P . penardii 	5
N . lugens 	5
murine 	5
Methanoregula boonei 	5
M . esculenta 	5
M . brunneum 	5
M . australis 	5
LASV 	5
Lassa virus 	5
JUNV 	5
H . zea 	5
Human 	5
HSV - 1 	5
hepatitis C virus 	5
Heliothis virescens 	5
gonococcal 	5
G . molesta 	5
F . aquilonia 	5
EBV 	5
dengue virus 	5
C . ciliata 	5
CBSV 	5
cacao 	5
broccoli 	5
Beauveria bassiana 	5
Bacillus thuringiensis 	5
Aspergillus niger 	5
A . oryzae 	5
AMDV 	5
wSinvictaA 	4
WNV 	4
white - footed mice 	4
Tribolium castaneum 	4
T . nigriceps 	4
tiger sharks 	4
TGEV 	4
Tetrahymena thermophila 	4
Staphylococcus aureus 	4
stable fly 	4
S . symbiotica 	4
S . meliloti 	4
SIV 	4
sheep 	4
S aureus 	4
rice frogs 	4
Rhodnius prolixus 	4
respiratory syncytial virus 	4
rabbit 	4
P . typicus 	4
PRV 	4
PERV - B 	4
peach 	4
P . coloniale 	4
Paramecium caudatum 	4
Norway spruce 	4
Mycobacterium tuberculosis 	4
M . smegmatis 	4
measles virus 	4
MDV1 	4
L . sericata 	4
L . pneumophila 	4
lettuce 	4
L . edodes 	4
influenza A viruses 	4
human immunodeficiency virus type 1 	4
honeybees 	4
honey bee 	4
Gouldian finch 	4
Galleria mellonella 	4
F . oxysporum 	4
F . gelidilacus 	4
equine 	4
EHEC 	4
D . melanogaster 	4
Chromera velia 	4
chicken 	4
C . fetus 	4
Bt 	4
Botrytis cinerea 	4
B . dorsalis 	4
Bdellovibrio bacteriovorus 	4
A . thaliana 	4
white spruce 	3
V . cholerae 	3
Varicella - zoster virus 	3
VacV 	3
T . zuze 	3
T . suwako 	3
T . sukuna 	3
T . solea 	3
T . fulgora 	3
T . ekebladella 	3
T . dvoinosi 	3
TBRV 	3
T . brevicompactum 	3
tawny owls 	3
steelhead 	3
STEC 	3
Sporosalibacterium faouarense 	3
S . invicta 	3
Shigella boydii 	3
severe acute respiratory syndrome coronavirus 	3
Schizosaccharomyces pombe 	3
SARS - CoV 	3
Salmo trutta 	3
R . prolixus 	3
Rice 	3
red foxes 	3
RCNMV 	3
Pseudomonas syringae 	3
Pseudacteon tricuspis 	3
potato 	3
Porphyromonas gingivalis 	3
Poliovirus 	3
poliovirus 	3
P . niei 	3
Plasmodiophora brassicae 	3
pigs 	3
pig 	3
Picea abies 	3
P . gemmata 	3
P falciparum 	3
PERV - A 	3
Perigord black truffle 	3
PCV2 	3
P . curvatus 	3
Parvularcula bermudensis 	3
Paracoccidioides brasiliensis 	3
Oscillochloris trichoides 	3
Nilaparvata lugens 	3
Nicotiana benthamiana 	3
Neisseria meningitidis 	3
M . truncatula 	3
MPX 	3
moose 	3
MMV 	3
M . maripaludis 	3
Methanococcus maripaludis 	3
Metallosphaera sedula 	3
M . anisopliae 	3
Legionella pneumophila 	3
Larkinella insperata 	3
JEV 	3
JC polyomaviruses 	3
IMNV 	3
IHHNV 	3
H . vitripennis 	3
H . virescens 	3
human cytomegalovirus 	3
H . petiolaris 	3
housefly 	3
honey bees 	3
hepatitis A virus 	3
Helianthus annuus 	3
H . armigera 	3
H . annuus 	3
G . myriopyrenoides 	3
foot - and - mouth disease virus 	3
FMDV 	3
E . abietinum 	3
DBM 	3
C . velia 	3
CVB3 	3
C . tremulae 	3
CRF01 _ AE 	3
C . protea 	3
cotton 	3
Cotterillia bromelicola 	3
coho salmon 	3
Chikungunya virus 	3
chickens 	3
chamois 	3
bull sharks 	3
brown planthopper 	3
bovine 	3
Borrelia burgdorferi 	3
bees 	3
A . whisleri 	3
Auritidibacter ignavus 	3
apple 	3
Apis mellifera 	3
Anopheles gambiae 	3
An . gambiae 	3
A . galaxii 	3
Aeropyrum pernix 	3
X . campestris 	2
Xanthomonas campestris 	2
willow ptarmigan 	2
white - throated dipper 	2
West Nile virus 	2
western corn rootworm 	2
V . inaequalis 	2
vesicular stomatitis virus 	2
Venturia inaequalis 	2
VEE 	2
VarV 	2
Variovorax paradoxus 	2
varicella - zoster virus 	2
Valsa melanodiscus 	2
type A H1N1 and type B human influenza virus 	2
TuYV 	2
Turk rahvan horses 	2
Trypanosoma cruzi 	2
Trichosurus vulpecula 	2
Trichoplusia ni 	2
Trichoderma reesei 	2
Trichoderma brevicompactum 	2
transmissible gastroenteritis virus 	2
Toxoneuron nigriceps 	2
Tomato black ring virus 	2
tobacco budworm 	2
T . ni 	2
Tiaris bicolor 	2
Thlaspi caerulescens 	2
Thiomonas perometabolis 	2
Thiomonas islandica 	2
Thiomonas intermedia 	2
Thermasporomyces composti 	2
T . harpagonis 	2
Thamnophis elegans 	2
Tetranychus urticae 	2
T . castaneum 	2
T . antis 	2
sycamore lace bug 	2
S . virgatus 	2
sugarcane 	2
striped plateau lizards 	2
Streptomyces lacticiproducens 	2
Streptomyces hyderabadensis 	2
Streptomyces coelicolor 	2
Streptococcus ursoris 	2
Streptococcus suis 	2
Streptococcus sanguinis 	2
Streptococcus pneumoniae 	2
Streptococcus mutans 	2
stink bug 	2
Stichococcus bacillaris 	2
steelhead trout 	2
Staphylococcus epidermidis 	2
S . subterranea 	2
S . sanguinis 	2
Spodoptera littoralis 	2
Spirochaeta perfilievii 	2
Sordaria macrospora 	2
Song Wrens 	2
S . negevensis 	2
S . littoralis 	2
Sitophilus zeamais 	2
Sinophysis canaliculata 	2
Simkania negevensis 	2
silkworm moth 	2
S . fibuligera 	2
Seychelles warbler 	2
Serratia marcescens 	2
Serinicoccus profundi 	2
Sepia apama 	2
Scrippsiella trochoidea 	2
S . chloranthus 	2
Sceloporus virgatus 	2
Scardovia wiggsiae 	2
Scardovia inopinata 	2
SbDV 	2
S . aureus 	2
Sahlbergella singularis 	2
Saccharophagus degradans 	2
Saccharomycopsis fibuligera 	2
Rudenia leguminana 	2
roundhead galaxias 	2
R . leguminana 	2
Riptortus pedestris 	2
Rhizopus microsporus 	2
Rhizomastix biflagellata 	2
Rhipicephalus appendiculatus 	2
rhesus monkeys 	2
reindeer 	2
red imported fire ants 	2
red - backed shrike 	2
rabbits 	2
Quercus robur 	2
P . tricornutum 	2
P . syringae 	2
P . striolata 	2
P . singularis 	2
Pseudonebela africana 	2
Pseudomonas fluorescens 	2
Proteus mirabilis 	2
Poterioochromonas malhamensis 	2
porcine circovirus type 2 	2
Polysphondylium pallidum 	2
P . malhamensis 	2
Plutella xylostella 	2
plum curculio 	2
PLRV 	2
Plasmodium falciparum 	2
P . kevei 	2
Pirum gemmata 	2
Pilophorus typicus 	2
Pieris brassicae 	2
Pichia membranifaciens 	2
Picea glauca 	2
Phytophthora sojae 	2
Phytophthora ramorum 	2
Phytophthora nicotianae 	2
Phycicoccus cremeus 	2
Phaeodactylum tricornutum 	2
P . gingivalis 	2
PERVs 	2
Perkinsus marinus 	2
Peregrinus maidis 	2
Penicillium chrysogenum 	2
Penaeus vannamei 	2
Pelargonium x hortorum 	2
Pectinophora gossypiella 	2
peanut 	2
pea aphid 	2
P . caudatum 	2
P . brasiliensis 	2
Parus major 	2
Parkinsonia aculeata 	2
Parasterkiella thompsoni 	2
Paramecium pentaurelia 	2
Paramecium bursaria 	2
Panonychus citri 	2
P . aculeata 	2
Ostrinia nubilalis 	2
Orseolia oryzae 	2
ORFV 	2
Oramoeba fumarolia 	2
O . luminosa 	2
Odontoglossum ringspot virus 	2
Nothofagus pumilio 	2
northern house mosquito 	2
Nocardioides caricicola 	2
Nocardia farcinica 	2
Neisseria wadsworthii 	2
Neisseria shayeganii 	2
N . dentiae 	2
Myxococcus xanthus 	2
Myrmelachista catharinae 	2
Mygona irmina 	2
Mycoplasma pneumoniae 	2
Mycobacterium bovis 	2
Mycetagroicus cerradensis 	2
Mussismilia hispida 	2
M . rubra 	2
M . raptorellus 	2
morels 	2
Monodontomerus aeneus 	2
M . luteolus 	2
M . loti 	2
mink 	2
Miniimonas arenae 	2
Mexican palo verde 	2
Methanoregula formicica 	2
Methanobacterium petrolearium 	2
Methanobacterium ferruginis 	2
Methanobacterium arcticum 	2
Metarhizium brunneum 	2
Mesorhizobium loti 	2
melon fly 	2
Melanotaenia australis 	2
Megaphorura arctica 	2
Medicago truncatula 	2
M . domestica 	2
M . catharinae 	2
Marinobacterium coralli 	2
Mantamonas plastica 	2
Manihot glaziovii 	2
Maize mosaic rhabdovirus 	2
M . aeneus 	2
Lucilia sericata 	2
Lotus japonicus 	2
long - tailed finches 	2
L . japonicus 	2
Litoreibacter janthinus 	2
Litoreibacter albidus 	2
Leptogium saturninum 	2
Lentinula edodes 	2
L . creticus 	2
L . crassa 	2
L . chlorophorum 	2
Larrea tridentata 	2
Larkinella bovis 	2
Lactococcus lactis 	2
K . subtilissimum 	2
Klebsormidium flaccidum 	2
Klebsiella pneumoniae 	2
Kaposi ' s sarcoma - associated herpesvirus 	2
J paramyxovirus 	2
Jiangella muralis 	2
Japanese encephalitis virus 	2
Influenza A 	2
infectious myonecrosis virus 	2
Hypocrea jecorina 	2
HPV 	2
H . pauciflorus 	2
house flies 	2
Hortaea werneckii 	2
Homalodisca vitripennis 	2
H . nuttallii 	2
hihi 	2
herpes simplex virus type 1 	2
Hepatitis delta virus 	2
Hepatitis C virus 	2
Helicoverpa zea 	2
Helicoverpa armigera 	2
Heliconius erato 	2
Helicobacter pylori 	2
H . cantabrigiensis 	2
gyrfalcons 	2
Gymnodinium myriopyrenoides 	2
Gryllus bimaculatus 	2
grey - crowned babbler 	2
green turtles 	2
great tit 	2
greater wax moth 	2
Grapholita molesta 	2
Gordonia humi 	2
goats 	2
G . mellonella 	2
Glomus intraradices 	2
Ginkgo biloba 	2
Gibberella zeae 	2
Gibberellafujikuroi 	2
giant Australian cuttlefish 	2
Geobacter sulfurreducens 	2
Geleia sinica 	2
F . verticillioides 	2
Fusarium verticillioides 	2
Fusarium oxysporum 	2
Friend virus 	2
Flavobacterium sinopsychrotolerans 	2
Flavobacterium ponti 	2
Flavobacterium johnsoniae 	2
Flavobacterium gelidilacus 	2
Flavobacterium beibuense 	2
F . johnsoniae 	2
F . boothii 	2
Falcicyclidium fangi 	2
Falcicyclidium atractodes 	2
Fagus sylvatica 	2
Euschistus conspersus 	2
Eupolyphaga sinensis 	2
Eudiplodinium maggii 	2
E . sinensis 	2
Erwinia tasmaniensis 	2
Erwinia amylovora 	2
Epstein - Barr virus 	2
Epidinium ecaudatum 	2
Entodinium caudatum 	2
Enterococcus faecium 	2
Entamoeba polecki 	2
Entamoeba coli 	2
E . maggii 	2
Elatobium abietinum 	2
E . faecium 	2
E . caudatum 	2
E . amylovora 	2
durum wheat 	2
D . maidis 	2
D . kuscheli 	2
Diabrotica virgifera 	2
Dermacentor variabilis 	2
Delphacodes kuscheli 	2
Debaryomyces hansenii 	2
D . algensis 	2
Dalbulus maidis 	2
CYDV - RPV 	2
Culex pipiens 	2
cucumber 	2
Cronartium quercuum 	2
Cristigera media 	2
coxsackievirus B3 	2
Coxsackievirus 	2
cow 	2
Cotesia plutellae bracovirus 	2
Corythucha ciliata 	2
Corynebacterium pseudotuberculosis 	2
Corynebacterium glutamicum 	2
corn leafhopper 	2
Copromyxa protea 	2
Coprinopsis cinerea 	2
Colpoda cucullus 	2
Cochliomyia hominivorax 	2
Clostridium difficile 	2
Clostridiisalibacter paucivorans 	2
Cinclus cinclus 	2
Chlorella minutissima 	2
Chlamydomonas reinhardtii 	2
Chaetomium globosum 	2
Cephalanthera damasonium 	2
C . damasonium 	2
C . bombi 	2
castor bean 	2
Carex scabrifolia 	2
canine 	2
Candida guilliermondii 	2
Candida glabrata 	2
CABYV 	2
cabbage 	2
BWYV 	2
Burkholderia rhizoxinica 	2
Burkholderia cenocepacia 	2
B . terrestris 	2
brushtail possums 	2
brook trout 	2
bread wheat 	2
Brassica napus 	2
B . napus 	2
BMYV 	2
BMV 	2
B . mori 	2
blue - footed boobies 	2
BLRV 	2
Blastomyces dermatitidis 	2
Blastocladiella emersonii 	2
Bifidobacterium bifidum 	2
bean bug 	2
BChV 	2
B . burgdorferi 	2
Bactrocera cucurbitae 	2
Bacillus amyloliquefaciens 	2
Asian rice gall midge 	2
Asian elephants 	2
Artemisia annua 	2
Apis cerana cerana 	2
A . petiolata 	2
Antheraea assamensis 	2
Anoxybacillus tengchongensis 	2
Anoxybacillus eryuanensis 	2
Anopheles peditaeniatus 	2
Amylostereum areolatum 	2
Amnibacterium kyonggiense 	2
American dog tick 	2
American alligators 	2
Alnus fruticosa 	2
Alliaria petiolata 	2
Aleutian mink disease virus 	2
Alces alces 	2
Agrobacterium tumefaciens 	2
Acyrthosiphon pisum 	2
Acrocephalus sechellensis 	2
Achromobacter xylosoxidans 	2
Acetobacterium woodii 	2
Abeoforma whisleri 	2
A . annua 	2
YHV 	1
yellow head virus 	1
yellow fever mosquito 	1
Xylella fastidiosa 	1
Xanthomonas oryzae 	1
WSSV 	1
WN virus 	1
white spot syndrome virus 	1
White - footed mice 	1
West Nile ( WN ) virus 	1
western rainbowfish 	1
western corn rootworms 	1
wax moth 	1
Vrihiamoeba italica 	1
V . paradoxus 	1
Vorticella infusionum 	1
V . melanodiscus 	1
Vibrio cholerae 	1
vibrio cholerae 	1
Vesicular stomatitis virus 	1
Verticillium dahliae 	1
Venezuelan equine encephalitis virus 	1
Varroa destructor 	1
variola virus 	1
Variola and monkeypox viruses 	1
Vaccinia virus 	1
Umbonium costatum 	1
Ugandan cassava brown streak virus 	1
type A H1N1 and type B influenza viruses 	1
T . weissflogii 	1
Turnip yellows virus 	1
Turnip mosaic virus 	1
Turk rahvan horse 	1
turkeys 	1
Turdus torquatus 	1
TSV 	1
T . selenica 	1
tropical japonica rice 	1
Trochilia minuta 	1
Triticum durum 	1
Triticum aestivum 	1
Trithigmostoma cucullulus 	1
Tringa totanus 	1
Trichophyton rubrum 	1
Trichogramma minutum 	1
Tremula longifila 	1
Tracheliastes polycolpus 	1
T . polycolpus 	1
Tomato bushy stunt virus 	1
Tobacco 	1
TMV 	1
TMEV 	1
Tischeria ekebladella 	1
Tillandsia heterophylla 	1
Tiger sharks 	1
tick - borne encephalitis virus 	1
Tick - borne encephalitis ( TBE ) virus 	1
Thresher sharks 	1
threshers 	1
Thermoproteus neutrophilus 	1
Thermohalobacter berrensis 	1
Theobroma Cacao 	1
Theobroma cacao 	1
Theiler ' s murine encephalitis virus 	1
Thalassiosira pseudonana 	1
T . grypoclunis 	1
Tetrahymena tropicalis 	1
Tetrahymena rostrata 	1
Tetrahymena pyriformis 	1
Tetrahymena hegewischi 	1
Tetrahymena canadensis 	1
Tenebrio molitor 	1
TBE viruses 	1
Taura syndrome virus 	1
swine - origin influenza A 	1
S . wilberti 	1
sweetpotato whitefly 	1
S . ursoris 	1
Sunflower stem weevil 	1
sunflower stem weevil 	1
Sulfolobus solfataricus 	1
Sula nebouxii 	1
Strombidium constrictum 	1
Streptomyces parvulus 	1
Streptomyces pactum 	1
Streptomyces olivaceus 	1
Streptomyces morookaense 	1
Streptomyces lavenduligriseus 	1
Streptococcus ratti 	1
Streptococcus pyogenes 	1
Sterkiella thompsoni 	1
S . suis 	1
S . spontaneum 	1
S . richteri 	1
S . ratti 	1
S . pyogenes 	1
SPPV 	1
Spongospora subterranea 	1
Spodoptera litura GV 	1
Spodoptera litura 	1
Spodoptera exigua 	1
S . pneumoniae 	1
Spirochaeta litoralis 	1
Spilocaea pomi 	1
Spalangia endius 	1
Spalangia cameroni 	1
Soybean dwarf virus 	1
soybean 	1
Sorghum bicolor 	1
sooty mangabey 	1
Somateria mollissima 	1
Solanum tuberosum 	1
Solanum lycopersicum 	1
S - OIV 	1
S . officinarum 	1
S . morookaense 	1
S . montagnesi 	1
S . marcescens 	1
S . macrospora 	1
S . litura 	1
S . lavenduligriseus 	1
Sitka Spruce 	1
Sitka spruce 	1
S . isovalerica 	1
SINV 	1
Sinorhizobium medicae 	1
Sindbis 	1
Simian immunodeficiency virus 	1
silver leaf whitefly 	1
Silkworm 	1
silkmoth 	1
Shiitake mushrooms 	1
Shiitake mushroom 	1
sheep poxvirus 	1
Seychelles warblers 	1
Serratia symbiotica 	1
Serinicoccus marinus 	1
Serinibacter salmoneus 	1
S . endius 	1
Scytosiphon lomentaria 	1
S . coelicolor 	1
S . cerevisae 	1
S . cellobiosiphila 	1
S . canaliculata 	1
S . cameroni 	1
Sarcophaga crassipalpis 	1
Salvelinus alpinus 	1
Salvelinus alpines 	1
Salmo salar 	1
Salana multivorans 	1
Rupicapra rupicapra 	1
Rumex palustris 	1
root voles 	1
R . mongolense 	1
ring ouzel 	1
Riemerella anatipestifer 	1
Ricinus communis 	1
rice gall midge 	1
rice frog 	1
Rhizoctonia solani 	1
Rhizobium mongolense 	1
Rhizobium etli 	1
Rhipicephalus ( Boophilus ) microplus 	1
rhesus macaques 	1
rhesus macaque 	1
Rhabdomys pumilio 	1
R . etli 	1
Reston Ebola virus 	1
red wood ants 	1
red fox 	1
red deer 	1
Red clover necrotic mosaic virus 	1
R . communis 	1
rats 	1
rat cytomegalovirus 	1
rat 	1
R . appendiculatus 	1
rapeseed 	1
Rana limnocharis 	1
Raabena bella 	1
Quercus petraea 	1
PVX 	1
pumas 	1
Puma concolor coryi 	1
P . thompsoni 	1
PstDNV 	1
pseudorabies virus 	1
Pseudoentodinium elephantis 	1
Prunus persica 	1
Prasinoderma singularis 	1
Prasinoderma coloniale 	1
P . pentaurelia 	1
Potato virus X 	1
Potato leafroll virus 	1
Potato leaf roll virus 	1
porcine endogenous retrovirus ( PERV ) - B 	1
Porcine endogenous retroviruses 	1
porcine 	1
Populus trichocarpa x deltoides 	1
Populus trichocarpa 	1
poplar leaf beetle 	1
Pomatostomus temporalis 	1
Poephila acuticauda 	1
P . mirabilis 	1
PmDNV 	1
plum curculios 	1
Ploesoma hudsoni 	1
Platynota stultana 	1
Platynota rostrana 	1
Platynota helianthes 	1
Platanus x acerifolia 	1
Plasmodium relictum 	1
Plagiocampa rouxi 	1
Pinus sylvestris 	1
pink bollworm 	1
Pichiapastoris 	1
Phyllotreta striolata 	1
Phycicoccus dokdonensis 	1
Phycicoccus bigeumensis 	1
Phaseolus vulgaris 	1
P . fluorescens 	1
PERV 	1
Persea bombycina 	1
Peromyscus leucopus 	1
Peridiniopsis penardii 	1
Peregrinia clavideferens 	1
Penicillium marneffei 	1
Penicillium citrinum 	1
Penaeus stylirostris densovirus 	1
Penaeus stylirostris 	1
Penaeus monodon nucleopolyhedrovirus 	1
Penaeus monodon densovirus 	1
PemoNPV 	1
Peach 	1
pea aphids 	1
P . c . stanleyana 	1
P . citri 	1
P . circumflexum 	1
P . bursaria 	1
P . brassicae 	1
P . bombycina 	1
Paulinella chromatophora 	1
Paratontonia gracillima 	1
Paramecium aurelia 	1
Paracoccidioides lutzii 	1
Paraclausilocola elongata 	1
Paraclausilocola constricta 	1
Paracercomonas marina 	1
papaya 	1
P . africana 	1
Ovulinata parva 	1
Osmia cornuta 	1
Oryza rufipogon 	1
oriental fruit moth 	1
Oriental fruit fly 	1
oriental fruit fly 	1
orf virus 	1
Opius dissitus 	1
Opercularia coarctata 	1
Omegastrombidium elegans 	1
Ofatulena luminosa 	1
Ofatulena duodecemstriata 	1
O . duodecemstriata 	1
O . cornuta 	1
Ochromonas danica 	1
N . zoodegmatis 	1
N . weaveri 	1
Nudifila producta 	1
N . tetrasperma 	1
N . pyridinolyticus 	1
N . pumilio 	1
Notiomystis cincta 	1
Norovirus GII . 4 	1
Nocardioides pyridinolyticus 	1
Nocardioides hankookensis 	1
Nocardioides dokdonensis 	1
Nocardioides aquiterrae 	1
N . meningitidis 	1
Njinella prolifera 	1
Ni . lugens 	1
Nicotiana tabacum 	1
Nicotiana rustica 	1
N . farcinica 	1
New World screw - worm 	1
New World screwworm 	1
Newcastle disease viruses 	1
Neurospora tetrasperma 	1
Neurosporacrassa 	1
Neosartorya fischeri 	1
Neisseria gonorrhoeae 	1
Neisseria canis 	1
N . canis 	1
N . bacilliformis 	1
narcissus bulb fly 	1
N . animaloris 	1
Nabis alternatus 	1
Myrmica rubra 	1
Mus domesticus 	1
Muscidifurax raptorellus 	1
Mud crab dicistrovirus 	1
mud crab dicistrovirus 	1
mud crab 	1
mouse cytomegalovirus 	1
Mouse 	1
Morels 	1
morel 	1
Morchella rufobrunnea 	1
monkeypox virus 	1
M . micromalus 	1
Mirodysteria decora 	1
Mink 	1
Minimassisteria diva 	1
Mingxiaea wuzhishanensis 	1
Mingxiaea variabilis 	1
Mingxiaea sanyaensis 	1
Mingxiaea hainanensis 	1
Mingxiaea foliicola 	1
Microtus oeconomus 	1
Microterricola viridarii 	1
Microsporum gypseum 	1
Micrometopion nutans 	1
Mice 	1
Methanothermobacter thermoautotrophicus 	1
Methanosarcina acetivorans 	1
Methanocaldococcus jannaschii 	1
Methanobacterium veterum 	1
Methanobacterium subterraneum 	1
Methanobacterium bryantii 	1
Metarhizium anisopliae 	1
Metaracoelophrya intermedia 	1
Metaphycus luteolus 	1
Merodon equestris 	1
meningococcal 	1
Medicago sativa 	1
Measles virus 	1
M . cerradensis 	1
Mauritius kestrel 	1
Marinobacterium stanieri 	1
Marinobacterium sediminicola 	1
Marinobacterium maritimum 	1
Marek ' s disease virus type 1 	1
Marek ' s disease virus 1 	1
M . arctica 	1
Manihot esculenta 	1
Mammalian orthoreoviruses 	1
Malus baccata 	1
maize weevil 	1
Magnaporth oryzae 	1
M . acetivorans 	1
Macaca mulatta 	1
lumpy skin disease virus 	1
Lubomirskia incrustans 	1
L . tridentata 	1
LSDV 	1
Loxodonta cyclotis 	1
Loxigilla noctis / barbadensis 	1
Lotus tenuis 	1
Lotus creticus 	1
Lotus corniculatus 	1
long - tailed finch 	1
London plane tree 	1
Lolium perenne 	1
loblolly pine 	1
L . niger 	1
L . monopetala 	1
L . lactis 	1
Litsea monopetala 	1
Liriomyza huidobrensis 	1
L . incrustans 	1
Leuciscus leuciscus 	1
Leucena leucocephala 	1
Leptinotarsa decemlineata 	1
Leifsonia ginsengi 	1
Leavenworthia crassa 	1
Lasius niger 	1
Lanius collurio 	1
Lagopus lagopus 	1
Labidus praedator 	1
Labedella gwakjiensis 	1
Kluyveromyces marxianus 	1
K . gracilis 	1
K . flavus 	1
Kentrophoros gracilis 	1
Kentrophoros flavus 	1
Kaposi ' s sarcoma herpesvirus 	1
Junin virus 	1
Jiangella gansuensis 	1
Jiangella alkaliphila 	1
Jiangella alba 	1
JCPyV 	1
jackfruit 	1
Influenza A viruses 	1
Influenza A virus 	1
Infectious hypodermal and hematopoietic necrosis virus 	1
infectious hypodermal and hematopoietic necrosis virus 	1
imported fire ants 	1
imported fire ant 	1
Ignicoccus hospitalis 	1
H . werneckii 	1
Hv 	1
Human respiratory syncytial virus 	1
human papillomavirus 	1
human metapneumovirus 	1
human lice 	1
human influenza virus A 	1
Human immunodeficiency virus type 1 	1
Human immunodeficiency virus 	1
human immunodeficiency virus 	1
human immunodeficiency and hepatitis C viruses 	1
Human cytomegalovirus 	1
human body lice 	1
human bocavirus 	1
H . subflexa 	1
Hs 	1
house mouse 	1
house fly 	1
Horseradish 	1
Honeybees 	1
Holophrya discolor 	1
Holopedium gibberum 	1
HIV - 2 	1
HIV - 1 CRF01 _ AE 	1
Histoplasma capsulatum 	1
Hippodamia convergens 	1
Heteractis magnifica 	1
H . erato 	1
hepatitis delta viruses 	1
hepatitis delta virus 	1
hepatitis D 	1
Hepatitis B virus 	1
hepatitis B and C viruses 	1
hepatitis A and E viruses 	1
Heliothis subflexa 	1
Helicoverpa assulta 	1
Helicostomella subulata 	1
Hartmannella cantabrigiensis 	1
Gyrodinium helveticum 	1
gypsy moths 	1
Gynaikothrips uzeli 	1
Gymnodinium acidotum 	1
guinea pigs 	1
GTPV 	1
G . sulfurreducens 	1
grey - crowned babblers 	1
green spruce aphid 	1
greenhouse whitefly 	1
great tits 	1
Gouldian , but not long - tailed finches 	1
Gordonia terrae 	1
Gordonia malaquae 	1
Gordonia hydrophobica 	1
Gordonia amarae 	1
goat poxvirus 	1
goatpox and sheeppox viruses 	1
Glossinia pallidipes 	1
Glomus etunicatum 	1
Glassy - Winged Sharpshooter 	1
glassy - winged sharpshooter 	1
G . intraradicesNH 	1
G . fujikuroi 	1
Geocoris bullatus 	1
Geleia simplex 	1
G . biloba 	1
Galeocerdo cuvier 	1
Galaxias anomalus 	1
Fusarium ussurianum 	1
Fusariumsacchari 	1
Fusarium nepalense 	1
Fusarium louisianense 	1
Fusariumgraminearum 	1
Fusarium gerlachii 	1
Fusariumboothii 	1
Fusarium asiaticum 	1
friend virus 	1
Friend retrovirus 	1
Friend murine leukemia virus 	1
Formica aquilonia 	1
foot - and - mouth disease ( FMD ) virus 	1
F . nepalense 	1
F - MuLV 	1
F . louisianense 	1
Florida panthers 	1
Flock House virus 	1
Flavobacterium terrae 	1
Flavobacterium frigoris 	1
Filoreta japonica 	1
field voles 	1
Falco rusticolus 	1
European corn borer 	1
European beech 	1
Eurasian sparrowhawks 	1
Eudrilophrya complanata 	1
E . tasmaniensis 	1
Erythrura gouldiae 	1
Eretmocerus eremicus 	1
Equus caballus 	1
Ephemerella ignita 	1
E . parva 	1
Entamoeba hartmanni 	1
Emmonsia parva 	1
Eimeria nieschulzi 	1
Eimeria falciformis 	1
Eichhornia crassipes 	1
E . ecaudatum 	1
ectromelia virus 	1
E . crassipes 	1
E . conspersus 	1
Eciton burchellii 	1
Dysteria proraefrons 	1
Dysteria legumen 	1
Dunaliella tertiolecta 	1
duck reovirus 	1
duck plague herpesvirus 	1
duck hepatitis A virus 	1
Duck astrovirus 	1
duck astrovirus 	1
D . tuberspinifera 	1
D . papillatum 	1
D . mulanensis 	1
D . minor 	1
Diplonema papillatum 	1
diamondback moth 	1
Diabrotica virgifera virgifera 	1
D . hydrostatica 	1
D . hansenii 	1
D . granifera 	1
Dermamoeba algensis 	1
dengue viruses 	1
Dendropsophus ebraccatus 	1
D . derouxi 	1
D . biwae 	1
Daucus carota 	1
Datisca glomerata 	1
Cytospora umbrina 	1
Cyphorhinus phaeocephalus 	1
Cylindrocopturus adspersus 	1
Cyanidioschyzon merolae 	1
Cucurbit aphid - borne yellows virus 	1
Cuculus canorus 	1
Cuban laurel thrips 	1
Cryptantha flava 	1
Crocidosema lantana 	1
Crithidia oncopelti 	1
Crithidia deanei 	1
Crithidia bombi 	1
C . plutellae 	1
C . pipiens 	1
CpBV 	1
coxsackievirus 	1
cotton bollworm 	1
Cotesia sesamiae 	1
corn smut fungus 	1
corn planthopper 	1
Conotrachelus nenuphar 	1
common cuckoos 	1
common brushtail possum 	1
Colpodella edax 	1
Colpoda aspera 	1
Colorado potato beetles 	1
Colorado potato beetle 	1
Colophospermum mopane 	1
coho 	1
Coereba flaveola 	1
Cochliobolus luttrellii 	1
Cochliobolus heterostrophus 	1
Coccinella septempunctata 	1
C . mopane 	1
Citrus volkameriana 	1
citrus red mite 	1
Chusquea c . f . scandens 	1
Chrysomela tremulae 	1
Chrysodeixis chalcites 	1
C . hominivorax 	1
Chlorella vulgaris 	1
Chlamydia trachomatis 	1
chimpanzees 	1
Chelonia mydas 	1
Chaenogobius annularis 	1
C . gulosus 	1
C . flavipes 	1
C . fetus subsp . venerealis 	1
Cereal yellow dwarf virus - RPV 	1
C . desouzai 	1
C . cantabrigiensis 	1
Cassava brown streak virus 	1
Casaurina glauca 	1
Carica papaya 	1
Carcharhinus leucas 	1
Candida tropicalis 	1
Candida krusei 	1
Campylobacter fetus subsp . venerealis 	1
Campylobacter fetus 	1
Campylobacter coli 	1
Camponotus herculeanus 	1
Caloranaerobacter azorensis 	1
Callosobruchus maculatus 	1
Cacao 	1
Bythotrephes longimanus 	1
brome mosaic virus 	1
B . rhodani 	1
B . rhizoxinica 	1
Brassica rapa 	1
Brassica oleracea 	1
B . pumilus 	1
Botryotinia fuckeliana 	1
body lice 	1
B . mycoides 	1
B . megaterium 	1
Blumeria graminis 	1
blue tits 	1
blue - footed booby 	1
B . licheniformis 	1
Blastocrithidia culicis 	1
black truffles 	1
black truffle 	1
Blacktip reef sharks 	1
black - legged kittiwake 	1
black and hybrid imported fire ants 	1
B . fuscus 	1
Beutenbergia cavernae 	1
Beta human papillomavirus 	1
Beta HPV 	1
Bemisia argentifolii 	1
Beet western yellows virus 	1
Beet mild yellowing virus 	1
Beet chlorosis virus 	1
Bees 	1
bee 	1
Bean leafroll virus 	1
B . dermatitidis 	1
B . cinerea 	1
B . cereus 	1
B . bifidum 	1
B . bacteriovorus 	1
Bathygobius fuscus 	1
Barbarea vulgaris 	1
B . amyloliquefaciens 	1
Baikalospongia recta 	1
Baikalospongia intermedia 	1
Baetis rhodani 	1
Bacillus cereus 	1
A . xylosoxidans 	1
Auricularia auricula - judae 	1
Aureococcus anophagefferens 	1
A . tumefaciens 	1
A . terreus 	1
Asplanchna priodonta 	1
Aspidisca cicada 	1
Aspergillus terreus 	1
Aspergillus parasiticus 	1
Aspergillus fumigatuscyp51A 	1
Aspergillus flavus 	1
argentine horned frog 	1
Arctic springtail 	1
A . pernix 	1
A . percula 	1
Antirrhinum majus 	1
An . peditaeniatus 	1
Anopheles quadrimaculatus 	1
A . nigeralbA 	1
Amphiprion percula 	1
Amphidinium poecilochroum 	1
Amorbia concavana 	1
Ammophila arenaria 	1
Almophrya bivacuolata 	1
Alligator mississippiensis 	1
albicans 	1
A / H3N2 influenza viruses 	1
Agrobacterium tumefsciens 	1
Agrobacterium tumefasciens 	1
Agrobacteriumtumefaciens 	1
Agaricus brasiliensis 	1
African striped mouse 	1
A . flavus 	1
Aeromonas hydrophila 	1
Acineria uncinata 	1
Acer pseudoplatanus 	1
Accipiter nisus 	1
Acc 	1
Acanthocephalus galaxii 	1
Acanthamoeba castellanii 	1
A . assamensis 	1
A . areolatum 	1
A . arenaria 	1
