human 	94
HIV-1 	56
Escherichia coli 	44
HIV 	38
yeast 	35
rice 	35
mice 	31
HCV 	28
maize 	25
Aspergillus nidulans 	24
mouse 	23
tomato 	21
Saccharomyces cerevisiae 	20
wheat 	19
MV 	19
Aspergillus fumigatus 	19
Candida albicans 	17
HDV 	16
C. albicans 	16
Bacillus subtilis 	16
A. nidulans 	16
VZV 	15
tobacco 	15
humans 	15
HBV 	15
brown trout 	15
Arabidopsis 	15
T. vaporariorum 	14
HCMV 	14
A. fumigatus 	13
RSV 	12
NDV 	12
F. graminearum 	12
E. coli 	12
C. neoformans 	12
B. bassiana 	12
Tuber melanosporum 	11
silkworm 	11
C. luttrellii 	11
B. tabaci 	11
B. anthracis 	11
VSV 	10
S. cerevisiae 	10
Neurospora crassa 	10
GSW-R14 	10
Cryptococcus neoformans 	10
Bombyx mori 	10
barley 	10
Arabidopsis thaliana 	10
T. melanosporum 	9
Pseudomonas aeruginosa 	9
dengue 	9
B. subtilis 	9
Atlantic salmon 	9
Arctic charr 	9
Aedes aegypti 	9
YC6903 	8
vaccinia virus 	8
Ustilago maydis 	8
N. crassa 	8
M. tuberculosis 	8
HAV 	8
FGSC 	8
Drosophila melanogaster 	8
Drosophila 	8
C. difficile 	8
CA16 	8
T-11 	7
SIVmac239 	7
pneumococcal 	7
P. maidis 	7
Oryza sativa 	7
ORSV 	7
Newcastle disease virus 	7
Magnaporthe oryzae 	7
KSHV 	7
influenza virus 	7
galaxias 	7
E-112 	7
corn 	7
CHIKV 	7
C. heterostrophus 	7
cassava 	7
B. cucurbitae 	7
Ae. aegypti 	7
A. castellanii 	7
Zea mays 	6
YM18-15 	6
U. maydis 	6
trout 	6
TBSV 	6
TBE virus 	6
RCMV 	6
Newman 	6
Musca domestica 	6
MCDV 	6
M. bovis 	6
M2(T) 	6
KMM 3851 	6
KMM 3842 	6
JEC21 	6
HPV8 	6
hepatitis B virus 	6
Fusarium graminearum 	6
cuckoo 	6
Ch. velia 	6
C. guilliermondii 	6
CC-12301(T) 	6
cattle 	6
Bti 	6
Bombus terrestris 	6
Bemisia tabaci 	6
Bdellovibrio 	6
Bacillus anthracis 	6
Aspergillus oryzae 	6
15-Je-017(T) 	6
VV 	5
UCBSV 	5
Trialeurodes vaporariorum 	5
S. zeamais 	5
swine 	5
Solenopsis invicta 	5
SMSP(T) 	5
simian immunodeficiency virus 	5
Salmonella enterica 	5
Q8r1-96 	5
PV 	5
P. tricuspis 	5
P. aeruginosa 	5
OU-40 	5
N. lugens 	5
M. oryzae 	5
M. esculenta 	5
M. brunneum 	5
M. australis 	5
M2T2B15 	5
LASV 	5
KSL51201-037(T) 	5
JUNV 	5
influenza A virus 	5
influenza A H1N1 	5
IMMIB L-1656(T) 	5
H. zea 	5
HSV-1 	5
Heliothis virescens 	5
fire ant 	5
F. aquilonia 	5
elephant 	5
EBV 	5
dengue virus 	5
DAstV 	5
chicken 	5
C. ciliata 	5
CBSV 	5
CAV9 	5
cacao 	5
broccoli 	5
B.g. tritici 	5
B.g. hordei 	5
Beauveria bassiana 	5
Aspergillus niger 	5
A. oryzae 	5
A. niger 	5
Ad5 	5
6C(T) 	5
yeasts 	4
Yeast 	4
white-footed mice 	4
UAMS-1 	4
T. nigriceps 	4
tiger sharks 	4
TGEV 	4
Tetrahymena thermophila 	4
Staphylococcus aureus 	4
stable fly 	4
S. symbiotica 	4
SIV 	4
Sinorhizobium meliloti 	4
S aureus 	4
Rhodnius prolixus 	4
respiratory syncytial virus 	4
rabbit 	4
P. typicus 	4
Pst DC3000 	4
PRV 	4
P. coloniale 	4
Paramecium caudatum 	4
Norway spruce 	4
M. smegmatis 	4
measles virus 	4
MDV1 	4
L. sericata 	4
LPU83 	4
L. pneumophila 	4
lettuce 	4
L. edodes 	4
Lassa virus 	4
influenza A viruses 	4
human immunodeficiency virus type 1 	4
hepatitis C virus 	4
H1N1 	4
Gouldian finch 	4
G. molesta 	4
Geocoris 	4
Galleria mellonella 	4
F. gelidilacus 	4
D. melanogaster 	4
Cotterillia 	4
class I 	4
Chromera velia 	4
C. fetus 	4
Botrytis cinerea 	4
B. dorsalis 	4
Bdellovibrio bacteriovorus 	4
A. thaliana 	4
Asia 1 	4
alfalfa 	4
A 	4
wSinvictaA 	3
white spruce 	3
viral 	3
V. cholerae 	3
VacV 	3
type A H1N1 	3
truffle 	3
Tribolium castaneum 	3
T. ekebladella 	3
TBRV 	3
T. brevicompactum 	3
TBE 	3
tawny owls 	3
sunflower 	3
steelhead 	3
S. meliloti 	3
SIVsm 	3
SIVmac 	3
SIVcpz 	3
S. invicta 	3
Shigella boydii 	3
Seychelles warbler 	3
severe acute respiratory syndrome coronavirus 	3
Schizosaccharomyces pombe 	3
SARS-CoV 	3
Salmo trutta 	3
R. prolixus 	3
Rhizobium sp. strain LPU83 	3
retroviral 	3
red foxes 	3
RCNMV 	3
R-40509 	3
potato 	3
Porphyromonas gingivalis 	3
Poliovirus 	3
poliovirus 	3
P. niei 	3
Plasmodiophora brassicae 	3
pig 	3
Picea abies 	3
P. gemmata 	3
P falciparum 	3
Perigord black truffle 	3
peach 	3
Paracoccidioides brasiliensis 	3
OsSPR1 	3
O 	3
Nilaparvata lugens 	3
Nicotiana benthamiana 	3
Neisseria meningitidis 	3
NDV-H 	3
Mycobacterium tuberculosis 	3
M. truncatula 	3
MPX 	3
M. maripaludis 	3
methanogenic archaea 	3
Methanococcus maripaludis 	3
Metallosphaera sedula 	3
MCCC 1A05965 	3
long-tailed finches 	3
Legionella pneumophila 	3
Larkinella insperata 	3
IMNV 	3
IHHNV 	3
H. vitripennis 	3
H. virescens 	3
human cytomegalovirus 	3
Human 	3
HTCC2170 	3
H. petiolaris 	3
housefly 	3
honey bee 	3
hepatitis A virus 	3
Helianthus annuus 	3
H. armigera 	3
H. annuus 	3
G. myriopyrenoides 	3
Ebola virus 	3
E. abietinum 	3
DBM 	3
C. velia 	3
CVB3 	3
C. tremulae 	3
CRF01_AE 	3
C. protea 	3
cotton 	3
coho salmon 	3
Chikungunya virus 	3
chickens 	3
charr 	3
chamois 	3
bull sharks 	3
Bt 	3
brown planthopper 	3
Borrelia burgdorferi 	3
Bacillus thuringiensis 	3
A. whisleri 	3
apple 	3
Apis mellifera 	3
Anopheles gambiae 	3
An. gambiae 	3
Aeropyrum pernix 	3
6A8 	3
Xoo 	2
X. campestris pv. campestris 	2
Xanthomonas campestris pv. campestris 	2
WNV 	2
WN 	2
willow ptarmigan 	2
white-throated dipper 	2
western corn rootworm 	2
vesicular stomatitis virus 	2
VEE 	2
VarV 	2
Variovorax paradoxus 	2
Varicella-zoster virus 	2
varicella-zoster virus 	2
type B human influenza virus 	2
TuYV 	2
Turk rahvan horses 	2
Trypanosoma cruzi 	2
Trichosurus vulpecula 	2
Trichoplusia ni 	2
Trichoderma reesei 	2
Trichoderma brevicompactum 	2
transmissible gastroenteritis virus 	2
Toxoneuron nigriceps 	2
Tomato black ring virus 	2
tobacco budworm 	2
T. ni 	2
Tiaris bicolor 	2
Thiomonas perometabolis 	2
Thiomonas islandica 	2
Thiomonas intermedia 	2
Thermasporomyces composti gen. nov., sp. nov. 	2
Thamnophis elegans 	2
Tetranychus urticae 	2
T. castaneum 	2
Synechocystis sp. strain PCC 6803 	2
Synechocystis sp. strain PCC6803 	2
sycamore lace bug 	2
S. virgatus 	2
sugarcane 	2
subtype B 	2
striped plateau lizards 	2
Streptomyces hyderabadensis sp. nov. 	2
Streptomyces coelicolor 	2
Streptococcus ursoris sp. nov. 	2
Streptococcus suis 	2
Streptococcus sanguinis 	2
Streptococcus pneumoniae 	2
stink bug 	2
Stichococcus bacillaris 	2
steelhead trout 	2
STEC 	2
Staphylococcus epidermidis 	2
S. subterranea 	2
S. sanguinis 	2
Spodoptera littoralis 	2
Sparrowhawk 	2
Sordaria macrospora 	2
Song Wrens 	2
S. negevensis 	2
S. littoralis 	2
Sitophilus zeamais 	2
silkworm moth 	2
sheep 	2
S. fibuligera 	2
Serratia marcescens 	2
Sepia apama 	2
Scrippsiella trochoidea 	2
S. chloranthus 	2
Sceloporus virgatus 	2
Scardovia wiggsiae 	2
Scardovia inopinata 	2
SbDV 	2
S. aureus 	2
Salmonella enterica serovar Typhimurium 	2
Saccharomycopsis fibuligera 	2
roundhead galaxias 	2
Riptortus pedestris 	2
rice plants 	2
Rhizopus microsporus 	2
Rhipicephalus appendiculatus 	2
rhesus monkeys 	2
reindeer 	2
redshank 	2
red imported fire ants 	2
red-backed shrike 	2
rabbits 	2
Quercus robur 	2
P. tricornutum 	2
P. syringae 	2
P. striolata 	2
Pseudomonas fluorescens Q8r1-96 	2
Pseudacteon tricuspis 	2
Proteus mirabilis 	2
predatory bug 	2
Poterioochromonas malhamensis 	2
Polysphondylium pallidum 	2
P. malhamensis 	2
Plutella xylostella 	2
plum curculio 	2
PLRV 	2
Plasmodium falciparum 	2
pigs 	2
Pieris brassicae 	2
Pichia membranifaciens 	2
Phytophthora sojae 	2
Phytophthora ramorum 	2
Phytophthora nicotianae 	2
Phaeodactylum tricornutum 	2
P. gingivalis 	2
PERVs 	2
PERV-B 	2
Perkinsus marinus 	2
Peregrinus maidis 	2
Penicillium chrysogenum 	2
Pelargonium x hortorum 	2
Pectinophora gossypiella 	2
peanut 	2
pea aphid 	2
P. curvatus 	2
P. caudatum 	2
P. brasiliensis species complex 	2
Parvularcula bermudensis 	2
Parkinsonia aculeata 	2
Parasterkiella thompsoni 	2
Paramecium pentaurelia 	2
Paramecium bursaria 	2
Panonychus citri 	2
P. aculeata 	2
Ostrinia nubilalis 	2
Oscillochloris trichoides subsp. DG-6 	2
Orseolia oryzae 	2
ORFV 	2
Oramoeba fumarolia 	2
Odontoglossum ringspot virus 	2
Nothofagus pumilio 	2
northern house mosquito 	2
Nocardioides caricicola sp. nov. 	2
Neisseria wadsworthii 	2
Neisseria shayeganii 	2
N. dentiae 	2
Myxococcus xanthus 	2
Mygona irmina 	2
Mycoplasma pneumoniae 	2
Mycobacterium bovis 	2
Mussismilia hispida 	2
M. rubra 	2
M. raptorellus 	2
morels 	2
MMV 	2
M. luteolus 	2
M. loti 	2
mink 	2
Miniimonas arenae 	2
Mexican palo verde 	2
Methanoregula formicica 	2
Methanoregula boonei gen. nov., sp. nov. 	2
Methanoregula boonei 6A8 	2
Methanobacterium petrolearium sp. nov. 	2
Methanobacterium ferruginis sp. nov. 	2
Metarhizium brunneum 	2
Mesorhizobium loti 	2
melon fly 	2
Melanotaenia australis 	2
Megaphorura arctica 	2
Medicago truncatula 	2
M. domestica 	2
Marinobacterium coralli sp. nov. 	2
M. anisopliae 	2
Manihot glaziovii 	2
Lucilia sericata 	2
Lotus japonicus 	2
L. japonicus 	2
Litoreibacter janthinus 	2
Litoreibacter albidus 	2
Leptogium saturninum 	2
Lentinula edodes 	2
leafminers 	2
L. creticus 	2
L. chlorophorum 	2
Larrea tridentata 	2
Larkinella bovis 	2
Lactococcus lactis 	2
K. subtilissimum 	2
Klebsormidium flaccidum 	2
Klebsiella pneumoniae 	2
Kaposi's sarcoma-associated herpesvirus 	2
Jiangella muralis sp. nov. 	2
JC polyomaviruses 	2
influenza viruses 	2
infectious myonecrosis virus 	2
Hypocrea jecorina 	2
human adenoviruses 	2
H. pauciflorus 	2
house flies 	2
Hortaea werneckii 	2
honey bees 	2
honeybees 	2
H. nuttallii 	2
hihi 	2
herpes simplex virus type 1 	2
Hepatitis delta virus 	2
hens 	2
Helicoverpa zea 	2
Helicoverpa armigera 	2
Heliconius erato 	2
Helicobacter pylori 	2
H99 	2
H5N1 	2
H1N1 viruses 	2
H1N1pdm viruses 	2
H1N1pdm 	2
H1 	2
gyrfalcons 	2
Gymnodinium myriopyrenoides 	2
grey-crowned babbler 	2
green turtles 	2
great tit 	2
greater wax moth 	2
Gordonia humi sp. nov. 	2
goats 	2
G. mellonella 	2
Glomus intraradices 	2
Ginkgo biloba 	2
Gibberella zeae 	2
giant Australian cuttlefish 	2
Geobacter sulfurreducens 	2
Geleia sinica spec. nov. 	2
garter snake 	2
F. verticillioides 	2
FV 	2
Fusarium verticillioides 	2
Fusarium oxysporum 	2
Fusarium graminearum species complex 	2
F. oxysporum 	2
FMDV 	2
FMD 	2
Flavobacterium ponti sp. nov. 	2
Flavobacterium johnsoniae 	2
F. johnsoniae 	2
F. boothii 	2
Fagus sylvatica 	2
Eupolyphaga sinensis 	2
Eudiplodinium maggii 	2
E. sinensis 	2
Erwinia tasmaniensis 	2
Erwinia amylovora 	2
Epstein-Barr virus 	2
Epidinium ecaudatum 	2
Entodinium caudatum 	2
Enterococcus faecium 	2
Entamoeba polecki 	2
Entamoeba coli 	2
E. maggii 	2
Elephant 	2
EHEC O157:H7 	2
EHEC 	2
E. coli K-12 	2
E. caudatum 	2
E. amylovora 	2
E1162 	2
durum wheat 	2
DSM 18570(T) 	2
DSM 18155(T) 	2
D. maidis 	2
D. kuscheli 	2
Diabrotica virgifera 	2
Dermacentor variabilis 	2
Debaryomyces hansenii 	2
CYDV-RPV 	2
Culex pipiens 	2
cucumber 	2
Cronartium quercuum f.sp. fusiforme 	2
coxsackievirus B3 	2
Coxsackievirus A16 	2
cow 	2
Cotterillia bromelicola nov. gen., nov. spec. 	2
Cotesia plutellae bracovirus 	2
Corythucha ciliata 	2
Corynebacterium pseudotuberculosis I19 	2
Corynebacterium glutamicum R 	2
Copromyxa protea 	2
Coprinopsis cinerea 	2
Colpoda cucullus 	2
Cochliomyia hominivorax 	2
Clostridium difficile 	2
Clostridiisalibacter paucivorans 	2
Cinclus cinclus 	2
Chlorella minutissima 	2
Chlamydomonas reinhardtii 	2
Chaetomium globosum 	2
Cephalanthera damasonium 	2
C. damasonium 	2
C. bombi 	2
castor bean 	2
Carex scabrifolia 	2
canine 	2
Candida guilliermondii 	2
Candida glabrata 	2
CABYV 	2
cabbage 	2
BWYV 	2
Burkholderia rhizoxinica 	2
Burkholderia cenocepacia 	2
B. terrestris 	2
B strain 	2
brook trout 	2
bread wheat 	2
Brassica napus 	2
B. napus 	2
BMYV 	2
B. mori 	2
blue-footed boobies 	2
BLRV 	2
Blastomyces dermatitidis 	2
Blastocladiella emersonii 	2
bean bug 	2
BChV 	2
baculovirus 	2
Bactrocera cucurbitae 	2
Bacillus amyloliquefaciens FZB42 	2
Auritidibacter ignavus gen. nov., sp. nov. 	2
Asian rice gall midge 	2
Asian elephants 	2
Artemisia annua plants 	2
A. petiolata 	2
Antheraea assamensis 	2
Anoxybacillus tengchongensis 	2
Anoxybacillus eryuanensis 	2
Anopheles peditaeniatus 	2
Amylostereum areolatum 	2
Amoebophrya sp. 	2
Amnibacterium kyonggiense gen. nov., sp. nov. 	2
American dog tick 	2
American alligators 	2
AMDV strains 	2
AMDV 	2
Alliaria petiolata 	2
Alces alces 	2
A/H1N1pdm virus 	2
Agrobacterium tumefaciens 	2
adenovirus 	2
Ad 	2
Acyrthosiphon pisum 	2
Acrocephalus sechellensis 	2
Acetobacterium woodii 	2
Zea mays (L.) 	1
YHV 	1
yellow morels 	1
yellow head virus 	1
yellow fever mosquito 	1
Xylella fastidiosa (Wells) 	1
Xanthomonas oryzae pv. oryzae 	1
WT plants 	1
WSSV 	1
worker honeybees 	1
WN virus 	1
wild-type (WT) plant 	1
wild type MoCDC15 	1
white spot syndrome virus 	1
White-footed mice 	1
West Nile virus 	1
West Nile 	1
western rainbowfish 	1
western corn rootworms 	1
wax moth 	1
wasp 	1
VZV-induced 	1
VVCop 	1
Vrihiamoeba italica 	1
V. paradoxus 	1
Vorticella infusionum 	1
voles 	1
virus SIVmac239 	1
virus 	1
viral strains of A/H1N1pdm 	1
V. inaequalis 	1
Vibrio cholerae 	1
vibrio cholerae 	1
Vesicular stomatitis virus 	1
Verticillium dahliae 	1
Venturia inaequalis 	1
Venezuelan equine encephalitis virus 	1
variola virus 	1
Variola 	1
vaccinia virus strain Copenhagen 	1
Vaccinia virus 	1
Umbonium costatum 	1
Ugandan cassava brown streak virus 	1
type B influenza viruses 	1
T. weissflogii 	1
Turnip yellows virus 	1
Turnip mosaic virus 	1
Turk rahvan horse 	1
Turdus torquatus 	1
Tuber melanosporum Vittad. 	1
TSV 	1
T. selenica 	1
tropical japonica rice 	1
Triticum durum 	1
Triticum aestivum 	1
Tringa totanus 	1
Trichophyton rubrum 	1
Trichogramma minutum (Riley) 	1
Tribolium castaneum (Herbst) 	1
Tremula longifila 	1
tomato plants 	1
Tomato bushy stunt virus 	1
TMEV 	1
Tischeria ekebladella 	1
Tillandsia heterophylla 	1
tick-borne encephalitis virus 	1
Tick-borne encephalitis (TBE) virus 	1
threshers 	1
Thlaspi caerulescens (Ganges ecotype) 	1
Thlaspi caerulescens 	1
Thermoproteus neutrophilus 	1
Thermohalobacter berrensis 	1
Theobroma Cacao 	1
Theobroma cacao 	1
Theiler's murine encephalitis virus 	1
Thalassiosira pseudonana 	1
Tetrahymena tropicalis 	1
Tetrahymena rostrata 	1
Tetrahymena pyriformis 	1
Tetrahymena hegewischi 	1
Tetrahymena canadensis 	1
Tenebrio molitor 	1
TBE viruses 	1
Taura syndrome virus 	1
T4 	1
sycamore 	1
swine-origin influenza A virus (S-OIV) (H1N1) 	1
swine-origin influenza A (H1N1) virus 	1
sweetpotato whitefly 	1
S. ursoris 	1
Sulfolobus solfataricus 	1
Sula nebouxii 	1
Streptomyces parvulus 	1
Streptomyces pactum 	1
Streptomyces olivaceus 	1
Streptomyces morookaense 	1
Streptomyces lavenduligriseus 	1
Streptococcus ratti ATCC 19645 	1
Streptococcus pyogenes 	1
strains with the pga1(G42R) allele 	1
strains with an active Pga1 	1
Strains G203R-T 	1
strain Bacillus subtilis YB955 (hisC952 metB5 leuC427) 	1
Sterkiella thompsoni 	1
STEC O84:H4 strain 4795/97 	1
Stachyamoeba sp. ATCC50324 	1
S. suis strain 89/1591 	1
S. spontaneum 	1
S. richteri Forel 	1
S. ratti 	1
S. pyogenes 	1
spr2 mutant plants 	1
SPPV 	1
Spongospora subterranea 	1
Spodoptera litura GV 	1
Spodoptera litura Fabricius 	1
Spodoptera exigua 	1
S. pneumoniae 	1
Spirochaeta litoralis 	1
Spilocaea pomi 	1
Spalangia endius 	1
Spalangia cameroni 	1
Soybean dwarf virus 	1
soybean 	1
Sorghum bicolor (L.) 	1
sooty mangabey 	1
Somateria mollissima 	1
Solenopsis invicta Buren 	1
Solanum tuberosum 	1
Solanum lycopersicum 	1
S. officinarum 	1
S. morookaense 	1
S. marcescens 	1
S. macrospora 	1
S. litura 	1
SIVagmTan-1 	1
SIV(agmTan-1) 	1
Sitka spruce 	1
S. isovalerica 	1
SINV 	1
Sinorhizobium medicae 	1
Sindbis 	1
Simkania negevensis strain Z 	1
Simkania negevensis 	1
Simian immunodeficiency virus 	1
silver leaf whitefly 	1
Silkworm 	1
silkmoth 	1
Shiitake mushrooms 	1
Shiitake mushroom 	1
sheeppox viruses 	1
sheep poxvirus 	1
Serratia symbiotica 	1
serotype D C. neoformans 	1
serotype A foot-and-mouth disease virus 	1
serotype A 	1
Serinicoccus profundi sp. nov. 	1
Serinicoccus profundi sp. nov 	1
Serinicoccus marinus 	1
Serinibacter salmoneus 	1
S. endius 	1
seasonal influenza A/H3N2 viruses 	1
seasonal influenza A/H1N1 	1
seasonal A/H1N1 	1
Scytosiphon lomentaria 	1
S. coelicolor 	1
S. cerevisae 	1
S. cellobiosiphila 	1
S. cameroni 	1
Sarcophaga crassipalpis 	1
Salvelinus alpinus 	1
Salvelinus alpines 	1
Salmo salar 	1
Salana multivorans 	1
Saccharum spp. 	1
Saccharophagus degradans 2-40 	1
Rupicapra rupicapra 	1
Rumex palustris 	1
root voles 	1
R. mongolense 1844 	1
ring ouzel 	1
Riemerella anatipestifer 12/19 	1
Ricinus communis 	1
rice blast pathogen 	1
Rice 	1
Rhizoctonia solani 	1
Rhizobium mongolense USDA 1844 	1
Rhizobium etli 	1
Rhipicephalus (Boophilus) microplus 	1
rhesus macaque 	1
Rhabdomys pumilio 	1
Retroviral 	1
R. etli 	1
Reston Ebola virus 	1
Redshanks 	1
redshanks 	1
red fox 	1
red deer 	1
Red clover necrotic mosaic virus 	1
R. communis 	1
rat cytomegalovirus 	1
rat 	1
R. appendiculatus 	1
rapeseed 	1
Rana limnocharis 	1
rainbowfish 	1
Raabena bella 	1
Quercus petraea 	1
PVX 	1
Puma concolor coryi 	1
P. thompsoni 	1
pseudorabies virus 	1
Pseudomonas syringae pv. tomato DC3000 	1
Pseudomonas syringae pv. tomato 	1
Pseudomonas syringae 	1
Pseudacteon tricuspis Borgmeier 	1
Prunus persica (L.) Batcsh 	1
Prasinoderma coloniale 	1
P. pentaurelia 	1
P. penardii 	1
poultry 	1
Potato virus X 	1
Potato leafroll virus 	1
Potato leaf roll virus 	1
Porcine endogenous retroviruses 	1
porcine endogenous retrovirus 	1
porcine circovirus type 2 (PCV2) 	1
porcine circovirus type 2 	1
Populus trichocarpa x deltoides 	1
Populus trichocarpa 	1
poplar leaf beetle 	1
Pomatostomus temporalis 	1
Poephila acuticauda 	1
P. mirabilis 	1
plum curculios 	1
Ploesoma hudsoni 	1
Platynota stultana 	1
Platanus x acerifolia 	1
Plasmodium relictum 	1
Pirum gemmata gen. nov., sp. nov. 	1
Pirum gemmata 	1
Pinus sylvestris 	1
pink bollworm 	1
Pilophorus typicus (Distant) (Heteroptera: Miridae) 	1
Pilophorus typicus 	1
Pichiapastoris 	1
[Picea glauca (Moench) Voss] 	1
Picea glauca 	1
Phyllotreta striolata 	1
Phycicoccus dokdonensis DS-8(T) 	1
Phycicoccus bigeumensis DSM 19264(T) 	1
Phaseolus vulgaris 	1
P. fluorescens strains 	1
PERV-A 	1
PERV 	1
Persea bombycina 	1
Peromyscus leucopus 	1
Peregrinia clavideferens 	1
Penicillium marneffei 	1
Penicillium citrinum 	1
Penaeus vannamei 	1
Penaeus stylirostris 	1
Penaeus monodon nucleopolyhedrovirus 	1
PemoNPV 	1
Peach 	1
pea aphids 	1
P. curvatus Borgmeier 	1
P. c. stanleyana 	1
P. citri 	1
P. circumflexum 	1
P. bursaria 	1
P. brassicae 	1
P. bombycina 	1
Paulinella chromatophora 	1
Parvularcula bermudensis HTCC2503(T) 	1
Parus major L. 	1
Parus major 	1
Paracoccidioides lutzii 	1
Paraclausilocola elongata n. sp. 	1
Paraclausilocola constricta n. gen., n. sp. 	1
Paracercomonas marina 	1
papaya 	1
pandemic influenza virus 	1
Pandemic influenza A/H1N1 2009 (A/H1N1pdm) virus 	1
pandemic influenza A/H1N1 2009 	1
pandemic H1N1 influenza virus 	1
P. aeruginosa strain PA103 	1
Ovulinata parva 	1
Osspr1 	1
Osmia cornuta 	1
Oscillochloris trichoides 	1
Oryza sativa short postembryonic roots 1 	1
Oryza rufipogon 	1
oriental fruit moth 	1
Oriental fruit fly 	1
oriental fruit fly 	1
orf virus 	1
Opius dissitus 	1
Omegastrombidium elegans 	1
O. cornuta 	1
Ochromonas danica 	1
O/CHA/99 	1
O/AV99(L) 	1
oaks 	1
O157:H7 	1
N. zoodegmatis 	1
N. weaveri 	1
NUM 1615(T) 	1
Nudifila producta 	1
N. tetrasperma 	1
N. pyridinolyticus OS4 	1
N. pumilio 	1
Notiomystis cincta 	1
Nocardioides pyridinolyticus OS4 	1
Nocardioides hankookensis DS-30 	1
Nocardioides dokdonensis FR1436 	1
Nocardioides aquiterrae GW-9 	1
Nocardia farcinica IFM 10152 	1
Nocardia farcinica 	1
N. meningitidis 	1
Njinella prolifera 	1
Ni. lugens 	1
Nicotiana tabacum 	1
Nicotiana rustica 	1
N. farcinica 	1
New World screw-worm 	1
newman 	1
Neurospora tetrasperma 	1
Neurosporacrassa 	1
Neosartorya fischeri 	1
Neisseria gonorrhoeae 	1
Neisseria canis 	1
NDV isolates 	1
NDV09-034 	1
N. canis 	1
N. bacilliformis 	1
native galaxias 	1
narcissus bulb fly 	1
N. animaloris 	1
Myrmica rubra 	1
mycoplasma 	1
MutSL knockout strain 	1
Mus domesticus 	1
Muscidifurax raptorellus 	1
murine leukemia virus (F-MuLV) 	1
Mud crab dicistrovirus 	1
mud crab dicistrovirus 	1
mud crab 	1
mouse cytomegalovirus 	1
Mouse 	1
M.oryzae 	1
Morels 	1
Morchella rufobrunnea 	1
moose 	1
monkeypox viruses 	1
monkeypox virus 	1
MoCDC15(T-DNA) 	1
M. micromalus 	1
Mink 	1
Minimassisteria diva 	1
Microtus oeconomus 	1
Microterricola viridarii KV-677(T) 	1
Microsporum gypseum 	1
Micrometopion nutans 	1
Mice 	1
Methanothermobacter thermoautotrophicus 	1
Methanosarcina acetivorans 	1
Methanoregula boonei 	1
Methanocaldococcus jannaschii 	1
Methanobacterium veterum MK4(T) 	1
Methanobacterium subterraneum 	1
Methanobacterium bryantii 	1
Metarhizium anisopliae 	1
Metaracoelophrya intermedia 	1
Metaphycus luteolus 	1
Merodon equestris 	1
meningococcal 	1
Medicago sativa 	1
Measles virus 	1
Mauritius kestrel 	1
Marinobacterium stanieri 	1
Marinobacterium sediminicola 	1
Marinobacterium maritimum 	1
marine bacterium 	1
Maribacter sp. strain HTCC2170 	1
Marek's disease virus type 1 	1
Marek's disease virus 1 	1
M. arctica 	1
Mantamonas plastica sp. n. 	1
Mantamonas plastica 	1
Manihot esculenta 	1
Mammalian orthoreoviruses 	1
Malus baccata jackii 	1
maize weevil 	1
Maize mosaic rhabdovirus (MMV) 	1
Maize mosaic rhabdovirus 	1
Magnaporth oryzae 	1
M. acetivorans 	1
Macaca mulatta 	1
lumpy skin disease virus 	1
Lubomirskia incrustans 	1
L. tridentata 	1
LSDV 	1
lsaria (=Paecilomyces) sp. 	1
LPU83-H 	1
Loxodonta cyclotis 	1
Loxigilla noctis 	1
Lotus tenuis 	1
Lotus creticus 	1
Lotus corniculatus 	1
long-tailed finch 	1
London plane tree 	1
Lolium perenne 	1
loblolly pine 	1
L. niger 	1
L. monopetala 	1
LMG 25435(T 	1
L. lactis 	1
Litsea monopetala 	1
Liriomyza huidobrensis 	1
Leuciscus leuciscus 	1
Leucena leucocephala 	1
lethal 2009 pandemic H1N1 influenza virus 	1
Leptinotarsa decemlineata (Say) 	1
Leifsonia ginsengi wged11(T) 	1
Leavenworthia crassa 	1
leafminer 	1
L. crassa 	1
Lassa virus AV 	1
Lasius niger 	1
Lanius collurio 	1
Lagopus lagopus 	1
Labedella gwakjiensis KSW2-17(T) 	1
Kluyveromyces marxianus 	1
K. gracilis 	1
K. flavus 	1
Kentrophoros gracilis Raikov, 1963 	1
Kentrophoros flavus Raikov and Kovaleva, 1968 	1
Kaposi's sarcoma herpesvirus 	1
K-12 strains of E. coli 	1
K-12 strain 	1
K-12 	1
Junin virus 	1
Jiangella gansuensis YIM 002(T) 	1
Jiangella alkaliphila D8-87(T) 	1
Jiangella alba YIM 61503(T) 	1
JEV 	1
JCM 16421(T) 	1
JCM 16107(T) 	1
Japanese encephalitis virus 	1
JA-overexpression 35S::prosys plant 	1
jackfruit 	1
JA biosynthesis (spr2) mutant 	1
Influenza A viruses 	1
Influenza A virus 	1
influenza A 	1
influenza 	1
Infectious hypodermal and hematopoietic necrosis virus 	1
infectious hypodermal and hematopoietic necrosis virus 	1
Indian rhesus macaques 	1
IL1403 	1
Ignicoccus hospitalis 	1
Hymenoptera 	1
H. werneckii 	1
Hv 	1
Human respiratory syncytial virus 	1
human papillomavirus type 8 	1
human metapneumovirus 	1
human lice 	1
human influenza virus A 	1
human influenza virus 	1
Human immunodeficiency virus type 1 	1
Human immunodeficiency virus 	1
human immunodeficiency virus 	1
human immunodeficiency 	1
Human cytomegalovirus 	1
human body lice 	1
human bocavirus 	1
Human adenoviruses (Ads) 	1
human adenovirus 	1
HTCC2503T 	1
H. subflexa 	1
Hs 	1
HPV16 	1
house mouse 	1
house fly 	1
horses 	1
Horseradish 	1
hordei 	1
Honeybees 	1
Homalodisca vitripennis (Germar) 	1
Homalodisca vitripennis 	1
Holopedium gibberum 	1
HIV-2 	1
HIV-1 strain NL4-3 	1
HIV-1 CRF01_AE 	1
Histoplasma capsulatum 	1
Hippodamia convergens Guerin-Meneville 	1
Heteractis magnifica 	1
H. erato 	1
hepatitis delta viruses 	1
hepatitis delta virus 	1
hepatitis D 	1
hepatitis C viruses 	1
Hepatitis C virus 	1
Hepatitis B virus 	1
hepatitis B 	1
hepatitis A 	1
Heliothis subflexa 	1
Helicoverpa assulta 	1
H. cantabrigiensis 	1
Hartmannella sp. 4/3Da/10 	1
Hartmannella cantabrigiensis 	1
H9N2 virus 	1
H5 viruses 	1
H5N1 viruses 	1
H5 influenza a viruses 	1
H3 influenza virus 	1
H1N1pdm virus 	1
H1N1 influenza 	1
Gyrodinium helveticum 	1
Gymnodinium acidotum 	1
GTPV 	1
G. sulfurreducens 	1
Gryllus bimaculatus DeGeer 	1
Gryllus bimaculatus 	1
grey-crowned babblers 	1
greenhouse whitefly 	1
great tits 	1
Grapholita molesta (Busck) 	1
Grapholita molesta 	1
Gouldian 	1
Gordonia terrae 	1
Gordonia malaquae 	1
Gordonia hydrophobica 	1
Gordonia amarae 	1
goat poxvirus 	1
goatpox 	1
Glossinia pallidipes 	1
Glomus etunicatum 	1
Glassy-Winged Sharpshooter 	1
glassy-winged sharpshooter 	1
G. intraradicesNH(4) 	1
Geocoris bullatus (Say) 	1
genus Beta HPV 	1
Geleia simplex (Faure-Fremiet, 1951) 	1
G. biloba 	1
Galeocerdo cuvier 	1
Galaxias anomalus 	1
Fusarium ussurianum+Fusarium asiaticum 	1
Fusarium spp 	1
Fusariumsacchari 	1
Fusarium nepalense 	1
Fusarium louisianense 	1
Fusariumgraminearum species complex 	1
Fusarium graminearum complex 	1
Fusarium gerlachii+F. graminearum 	1
Fusariumboothii 	1
fungal 	1
FtsZ-I374V strain 	1
Friend virus 	1
Friend retrovirus 	1
F. oxysporum transformant 	1
F. oxysporum f. sp. lycopersici isolate FGSC 9935 	1
Formica aquilonia 	1
foot-and-mouth disease virus O 	1
foot-and-mouth disease virus 	1
F. nepalense 	1
FMDV type Asia 1 	1
F. louisianense 	1
Florida panthers 	1
Flock House virus B2 	1
Flavobacterium terrae R2A1-13(T) 	1
Flavobacterium gelidilacus LMG 21477(T) 	1
Flavobacterium gelidilacus 	1
Flavobacterium frigoris LMG 21922(T) 	1
fire ants 	1
Filoreta japonica 	1
FGSC species 	1
FGSC 9935 	1
Falco rusticolus 	1
E viruses 	1
European corn borer 	1
European beech 	1
Eurasian sparrowhawks 	1
Eudrilophrya complanata 	1
E. tasmaniensis 	1
Escherichia coli O84:H4 strain 4795/97 	1
Erythrura gouldiae 	1
Eretmocerus eremicus 	1
Equus caballus 	1
E. parva 	1
Entamoeba hartmanni 	1
Emmonsia parva 	1
Elatobium abietinum 	1
Eimeria nieschulzi 	1
Eimeria falciformis 	1
Eichhornia crassipes 	1
E. faecium E1162 	1
E. faecium 	1
E. ecaudatum 	1
ectromelia virus 	1
E. crassipes 	1
E. coli B 	1
Eciton burchellii 	1
Ebola viruses 	1
Dunaliella tertiolecta 	1
duck reovirus 	1
duck plague herpesvirus 	1
duck hepatitis A virus 	1
Duck astrovirus 	1
duck astrovirus 	1
DSM 863(T) 	1
DSM 45359(T) 	1
DSM 21436(T) 	1
D. papillatum 	1
Diplonema papillatum 	1
diamondback moth 	1
Diabrotica virgifera virgifera (LeConte) 	1
D. hansenii 	1
Dermamoeba algensis n. sp. 	1
dengue viruses 	1
Dengue 	1
Dendropsophus ebraccatus 	1
Deltapga1 	1
Delphacodes kuscheli 	1
D. derouxi 	1
Daucus carota 	1
Datisca glomerata 	1
D. algensis n. sp. 	1
D. algensis 	1
Dalbulus maidis 	1
Cyphorhinus phaeocephalus 	1
Cyanidioschyzon merolae 	1
cv Cho-Ko-Koku 	1
Cucurbit aphid-borne yellows virus 	1
Cuculus canorus 	1
cuckoos 	1
Cuban laurel thrips 	1
Cryptococcus neoformans JEC21 	1
Crithidia oncopelti 	1
Crithidia deanei 	1
Crithidia bombi 	1
C. plutellae 	1
C. pipiens 	1
CpBV 	1
coxsackievirus A9 	1
cotton bollworm 	1
Cotterillia bromelicola 	1
Cotesia sesamiae (Cameron) 	1
corn smut 	1
corn planthopper 	1
corn leafhopper 	1
Conotrachelus nenuphar (Herbst) 	1
common cuckoos 	1
common brushtail possum 	1
Colpodella edax 	1
Colpoda aspera 	1
Colorado potato beetles 	1
Colorado potato beetle 	1
Colophospermum mopane 	1
coho 	1
Coereba flaveola 	1
Cochliobolus luttrellii 	1
Cochliobolus heterostrophus 	1
Coccinella septempunctata L. 	1
C. mopane 	1
class II strains of Newcastle disease virus (NDV) 	1
class II Newcastle disease viruses 	1
class II NDV isolates 	1
Citrus volkameriana 	1
citrus red mite 	1
Chusquea c.f. scandens 	1
Chrysomela tremulae 	1
Chrysodeixis chalcites 	1
C. hominivorax 	1
Chlorella vulgaris 	1
Chlorella strains 	1
Chlamydia trachomatis 	1
chimpanzees 	1
Chelonia mydas 	1
charr's 	1
Chaenogobius annularis 	1
C. gulosus 	1
C. flavipes Cameron 	1
C. fetus subsp. venerealis 	1
Cereal yellow dwarf virus-RPV 	1
C. desouzai 	1
CCUG 57943(T) 	1
C. cantabrigiensis 	1
Cassava brown streak virus 	1
Casaurina glauca 	1
Carica papaya 	1
Carcharhinus leucas 	1
Candida tropicalis 	1
Candida krusei 	1
Campylobacter fetus subsp. venerealis 	1
Campylobacter fetus 	1
Campylobacter coli 	1
Camponotus herculeanus 	1
Caloranaerobacter azorensis 	1
Callosobruchus maculatus 	1
CAIM 1449(T) 	1
Bythotrephes longimanus 	1
buffalo 	1
B. rhodani 	1
B. rhizoxinica HKI 0454 	1
Brassica rapa 	1
Brassica oleracea var. italica 	1
B.pumilus 	1
Botryotinia fuckeliana 	1
Bombyx mori L 	1
body lice 	1
B. mycoides 	1
B. megaterium 	1
Blumeria graminis f. sp. tritici 	1
blue tits 	1
blue-footed booby 	1
B. licheniformis 	1
Blastocrithidia culicis 	1
black truffles 	1
black truffle 	1
Blacktip reef sharks 	1
black morels 	1
black-legged kittiwake 	1
black 	1
BL21 E. coli 	1
Bifidobacterium bifidum S17 	1
Bifidobacterium bifidum 	1
B. fuscus 	1
Beutenbergia cavernae 	1
betaproteobacterium 	1
Betaproteobacteria 	1
Beta human papillomavirus (HPV) type 8 	1
Bemisia argentifolii 	1
Beet western yellows virus 	1
Beet mild yellowing virus 	1
Beet chlorosis virus 	1
Bean leafroll virus 	1
B. dermatitidis 	1
B. cinerea 	1
B. cereus 	1
B. burgdorferi strain 31 	1
B. burgdorferi 	1
B. bifidum S17 	1
B. bacteriovorus HD100 	1
Bathygobius fuscus 	1
Barbarea vulgaris 	1
barbadensis 	1
B. anthracis strain 	1
B. amyloliquefaciens FZB42 	1
Baikalospongia recta 	1
Baikalospongia intermedia 	1
Baetis rhodani 	1
baculoviruses 	1
Baculovirus 	1
bacteriophage 	1
Bacillus thuringiensis var. israelensis 	1
Bacillus thuringiensis variety israelensis 	1
Bacillus cereus group species 	1
A. xylosoxidans 	1
Auritidibacter ignavus 	1
Auricularia auricula-judae 	1
Aureococcus anophagefferens 	1
A/turkey/OH/313053/04 (H3N2) 	1
A. tumefaciens 	1
ATMT0225B6 	1
A. terreus 	1
ATCC 19166(T) 	1
ATCC 13306(T) 	1
Aspergillus terreus 	1
Aspergillus parasiticus 	1
Aspergillus fumigatuscyp51A 	1
Aspergillus flavus 	1
Asian rice 	1
Asia 1/YNBS/58 	1
Asia 1/CHN/05 	1
A/Sakai/89/2009 (H1N1)pdm 	1
Arctic springtail 	1
Apis cerana cerana (Acc) 	1
Apis cerana cerana 	1
A. percula 	1
anti-HCV 	1
anthrax 	1
An. peditaeniatus 	1
Anopheles quadrimaculatus 	1
A. niger strain 	1
A. niger ATCC strain 1015 	1
A. nigeralbA 	1
Amphiprion percula 	1
Amphidinium poecilochroum 	1
Amoebophrya spp. 	1
Ammophila arenaria 	1
Almophrya bivacuolata 	1
Alligator mississippiensis 	1
Aleutian mink disease virus (AMDV) 	1
Aleutian mink disease virus 	1
A/H3N2 influenza viruses 	1
A/H3 	1
A/H1pdm 	1
A/H1 	1
A/GS/LX/66 	1
Agrobacterium tumefsciens 	1
Agrobacterium tumefasciens 	1
Agrobacteriumtumefaciens 	1
Agaricus brasiliensis 	1
African striped mouse 	1
Africanized honeybees 	1
African elephant 	1
A. flavus 	1
Aeromonas hydrophila 	1
Aedes aegypti mosquitoes 	1
A/Duck/Hubei/L-1/2004 (H5N1) virus 	1
Adenovirus type 5 	1
Adenovirus 	1
adenoviral 	1
Achromobacter xylosoxidans strain A8 	1
Achromobacter xylosoxidans A8 	1
Acer pseudoplatanus 	1
Accipiter nisus 	1
Acanthamoeba castellanii 	1
Abeoforma whisleri, gen. nov., sp. nov. 	1
Abeoforma whisleri 	1
A/AV88(L) 	1
A. assamensis 	1
A. areolatum 	1
A. arenaria 	1
A. annua plants 	1
A. annua 	1
A/Aichi/472/2009 (H1N1)pdm 	1
9715 	1
871 	1
35S::prosys plant 	1
26/51 	1
2009 pandemic virus 	1
2009 H1N1 A/CA/04/09 virus 	1
